INSERT INTO country (country_name)
VALUES ('Afghanistan'),
       ('Albania'),
       ('Algeria'),
       ('Andorra'),
       ('Angola'),
       ('Antigua and Barbuda'),
       ('Argentina'),
       ('Armenia'),
       ('Australia'),
       ('Austria'),
       ('Azerbaijan'),
       ('Bahamas'),
       ('Bahrain'),
       ('Bangladesh'),
       ('Barbados'),
       ('Belarus'),
       ('Belgium'),
       ('Belize'),
       ('Benin'),
       ('Bhutan'),
       ('Bolivia'),
       ('Bosnia and Herzegovina'),
       ('Botswana'),
       ('Brazil'),
       ('Brunei'),
       ('Bulgaria'),
       ('Burkina Faso'),
       ('Burundi'),
       ('Cabo Verde'),
       ('Cambodia'),
       ('Cameroon'),
       ('Canada'),
       ('Central African Republic'),
       ('Chad'),
       ('Chile'),
       ('China'),
       ('Colombia'),
       ('Comoros'),
       ('Congo (Congo-Brazzaville)'),
       ('Costa Rica'),
       ('Croatia'),
       ('Cuba'),
       ('Cyprus'),
       ('Czechia (Czech Republic)'),
       ('Denmark'),
       ('Djibouti'),
       ('Dominica'),
       ('Dominican Republic'),
       ('Ecuador'),
       ('Egypt'),
       ('El Salvador'),
       ('Equatorial Guinea'),
       ('Eritrea'),
       ('Estonia'),
       ('Eswatini (fmr. Swaziland)'),
       ('Ethiopia'),
       ('Fiji'),
       ('Finland'),
       ('France'),
       ('Gabon'),
       ('Gambia'),
       ('Georgia'),
       ('Germany'),
       ('Ghana'),
       ('Greece'),
       ('Grenada'),
       ('Guatemala'),
       ('Guinea'),
       ('Guinea-Bissau'),
       ('Guyana'),
       ('Haiti'),
       ('Holy See'),
       ('Honduras'),
       ('Hungary'),
       ('Iceland'),
       ('India'),
       ('Indonesia'),
       ('Iran'),
       ('Iraq'),
       ('Ireland'),
       ('Israel'),
       ('Italy'),
       ('Jamaica'),
       ('Japan'),
       ('Jordan'),
       ('Kazakhstan'),
       ('Kenya'),
       ('Kiribati'),
       ('Korea (North)'),
       ('Korea (South)'),
       ('Kuwait'),
       ('Kyrgyzstan'),
       ('Laos'),
       ('Latvia'),
       ('Lebanon'),
       ('Lesotho'),
       ('Liberia'),
       ('Libya'),
       ('Liechtenstein'),
       ('Lithuania'),
       ('Luxembourg'),
       ('Madagascar'),
       ('Malawi'),
       ('Malaysia'),
       ('Maldives'),
       ('Mali'),
       ('Malta'),
       ('Marshall Islands'),
       ('Mauritania'),
       ('Mauritius'),
       ('Mexico'),
       ('Micronesia'),
       ('Moldova'),
       ('Monaco'),
       ('Mongolia'),
       ('Montenegro'),
       ('Morocco'),
       ('Mozambique'),
       ('Myanmar (Burma)'),
       ('Namibia'),
       ('Nauru'),
       ('Nepal'),
       ('Netherlands'),
       ('New Zealand'),
       ('Nicaragua'),
       ('Niger'),
       ('Nigeria'),
       ('North Macedonia'),
       ('Norway'),
       ('Oman'),
       ('Pakistan'),
       ('Palau'),
       ('Palestine State'),
       ('Panama'),
       ('Papua New Guinea'),
       ('Paraguay'),
       ('Peru'),
       ('Philippines'),
       ('Poland'),
       ('Portugal'),
       ('Qatar'),
       ('Romania'),
       ('Russia'),
       ('Rwanda'),
       ('Saint Kitts and Nevis'),
       ('Saint Lucia'),
       ('Saint Vincent and the Grenadines'),
       ('Samoa'),
       ('San Marino'),
       ('Sao Tome and Principe'),
       ('Saudi Arabia'),
       ('Senegal'),
       ('Serbia'),
       ('Seychelles'),
       ('Sierra Leone'),
       ('Singapore'),
       ('Slovakia'),
       ('Slovenia'),
       ('Solomon Islands'),
       ('Somalia'),
       ('South Africa'),
       ('South Sudan'),
       ('Spain'),
       ('Sri Lanka'),
       ('Sudan'),
       ('Suriname'),
       ('Sweden'),
       ('Switzerland'),
       ('Syria'),
       ('Tajikistan'),
       ('Tanzania'),
       ('Thailand'),
       ('Timor-Leste'),
       ('Togo'),
       ('Tonga'),
       ('Trinidad and Tobago'),
       ('Tunisia'),
       ('Turkey'),
       ('Turkmenistan'),
       ('Tuvalu'),
       ('Uganda'),
       ('Ukraine'),
       ('United Arab Emirates'),
       ('United Kingdom'),
       ('United States of America'),
       ('Uruguay'),
       ('Uzbekistan'),
       ('Vanuatu'),
       ('Venezuela'),
       ('Vietnam'),
       ('Yemen'),
       ('Zambia'),
       ('Zimbabwe');


INSERT INTO creator (creator_forename, creator_lastname)
VALUES ('J.K.', 'Rowling'),
       ('George', 'Orwell'),
       ('Jane', 'Austen'),
       ('Mark', 'Twain'),
       ('Harper', 'Lee'),
       ('J.R.R.', 'Tolkien'),
       ('F. Scott', 'Fitzgerald'),
       ('Charles', 'Dickens'),
       ('Ernest', 'Hemingway'),
       ('Virginia', 'Woolf');

INSERT INTO media_format (media_format_name, borrow_duration_days)
VALUES ('book', '14'),
       ('e-book', '28'),
       ('video', '14'), -- lesson, course
       ('movie', '14'),
       ('dvd_film', '14'),
       ('board_game', '28');

INSERT INTO book (product_title, product_year, book_pages, media_format_id)
VALUES ('Harry Potter and the Philosopher Stone', 1997, 223, 1), -- J.K. Rowling
       ('1984', 1949, 328, 1),                                   -- George Orwell
       ('Pride and Prejudice', 1813, 279, 1),                    -- Jane Austen
       ('The Adventures of Tom Sawyer', 1876, 274, 1),           -- Mark Twain
       ('To Kill a Mockingbird', 1960, 281, 1),                  -- Harper Lee
       ('The Hobbit', 1937, 310, 1),                             -- J.R.R. Tolkien
       ('The Great Gatsby', 1925, 218, 1),                       -- F. Scott Fitzgerald
       ('A Tale of Two Cities', 1859, 489, 1),                   -- Charles Dickens
       ('The Old Man and the Sea', 1952, 127, 1),                -- Ernest Hemingway
       ('Mrs Dalloway', 1925, 194, 1); -- Virginia Woolf

INSERT INTO creator_role (role_name)
VALUES ('director'),
       ('author'),
       ('translator'),
       ('director'),
       ('compositor');

INSERT INTO creator_relation(creator_id, product_id, role_id)
VALUES (1, 1, 2),
       (2, 2, 2),
       (3, 3, 2),
       (4, 4, 2),
       (5, 5, 2),
       (6, 6, 2),
       (7, 7, 2),
       (8, 8, 2),
       (9, 9, 2),
       (10, 10, 2);

INSERT INTO language (language_name)
VALUES ('English'),
       ('Mandarin Chinese'),
       ('Hindi'),
       ('Spanish'),
       ('French'),
       ('Arabic'),
       ('Bengali'),
       ('Russian'),
       ('Portuguese'),
       ('Urdu'),
       ('Indonesian'),
       ('German'),
       ('Japanese'),
       ('Swahili'),
       ('Marathi'),
       ('Telugu'),
       ('Turkish'),
       ('Korean'),
       ('Tamil'),
       ('Vietnamese'),
       ('Italian'),
       ('Arabic (Egyptian)'),
       ('Punjabi'),
       ('Javanese'),
       ('Hindu'),
       ('Filipino'),
       ('German (Swiss)'),
       ('Wu Chinese'),
       ('Vietnamese (Northern)'),
       ('Turkish (Cypriot)'),
       ('Kurdish'),
       ('Gujarati'),
       ('Polish'),
       ('Ukrainian'),
       ('Yoruba'),
       ('Amharic'),
       ('Malay'),
       ('Persian'),
       ('Pashto'),
       ('Korean (North)'),
       ('Kannada'),
       ('Assamese'),
       ('Nepali'),
       ('Sinhala'),
       ('Khmer'),
       ('Hausa'),
       ('Zulu'),
       ('Serbo-Croatian'),
       ('Icelandic'),
       ('Bhojpuri'),
       ('Maithili'),
       ('Chichewa');

INSERT INTO language_type(language_type_name)
values ('original'),
       ('translation'),
       ('subtitles'),
       ('dubbing');

INSERT INTO language_relation(product_id, language_id, language_type_id)
VALUES (1, 1, 1),
       (2, 1, 1),
       (3, 1, 1),
       (4, 1, 1),
       (5, 1, 1),
       (6, 1, 1),
       (7, 1, 1),
       (8, 1, 1),
       (9, 1, 1),
       (10, 1, 1);

INSERT INTO item_status (item_status_name)
VALUES ('available'),
       ('borrowed'),
       ('reserved');

INSERT INTO library (library_name)
values ('name of library 1'),
       ('name of library 2'),
       ('name of library 3'),
       ('name of library 4'),
       ('name of library 5');

INSERT INTO library_address(library_id, city, street, house_number, osm_link)
VALUES (1, 'Berlin', 'Street One', 1, 'dummy'),
       (2, 'Berlin', 'Street Two', 2, 'dummy'),
       (3, 'Berlin', 'Street Tree', 3, 'dummy'),
       (4, 'Berlin', 'Street Four', 4, 'dummy'),
       (5, 'Berlin', 'Street Five', 5, 'dummy');

INSERT INTO product_item (product_id, item_status_id)
VALUES (1, 1),
       (1, 1),
       (1, 1),
       (1, 1),
       (1, 1),
       (1, 1),
       (1, 1),
       (1, 1),
       (1, 1),
       (1, 1),

       (2, 1),
       (2, 1),
       (2, 1),
       (2, 1),
       (2, 1),
       (2, 1),
       (2, 1),
       (2, 1),

       (3, 1),
       (3, 1),
       (3, 1),
       (3, 1),
       (3, 1),
       (3, 1),
       (3, 1),

       (4, 1),
       (4, 1),
       (4, 1),
       (4, 1),
       (4, 1),
       (4, 1),

       (5, 1),
       (5, 1),
       (5, 1),
       (5, 1),
       (5, 1),

       (6, 1),
       (6, 1),
       (6, 1),
       (6, 1),

       (7, 1),
       (7, 1),
       (7, 1),

       (8, 1),
       (8, 1),

       (9, 1),

       (10, 1);


INSERT INTO item_location (item_id, library_id, location_in_library)
VALUES (1, 1, 'Fantasy section'),
       (2, 1, 'Dystopian section'),
       (3, 2, 'Adult section'),
       (4, 3, 'Adventure section'),
       (5, 4, 'Classics section'),
       (6, 5, 'Kids section');



